CountyFIPS,CountyName,StateDesc
40065,Jackson,Oklahoma
17101,Lawrence,Illinois
20009,Barton,Kansas
2020,Anchorage,Alaska
40137,Stephens,Oklahoma
54059,Mingo,West Virginia
27017,Carlton,Minnesota
31023,Butler,Nebraska
21087,Green,Kentucky
51005,Alleghany,Virginia
48215,Hidalgo,Texas
29209,Stone,Missouri
29037,Cass,Missouri
47049,Fentress,Tennessee
19041,Clay,Iowa
36103,Suffolk,New York
27047,Freeborn,Minnesota
31129,Nuckolls,Nebraska
39103,Medina,Ohio
28021,Claiborne,Mississippi
17069,Hardin,Illinois
48179,Gray,Texas
21063,Elliott,Kentucky
28137,Tate,Mississippi
12091,Okaloosa,Florida
48443,Terrell,Texas
27111,Otter Tail,Minnesota
5055,Greene,Arkansas
51145,Powhatan,Virginia
35053,Socorro,New Mexico
23027,Waldo,Maine
22111,Union,Louisiana
42103,Pike,Pennsylvania
42125,Washington,Pennsylvania
55013,Burnett,Wisconsin
18127,Porter,Indiana
45051,Horry,South Carolina
4011,Greenlee,Arizona
45041,Florence,South Carolina
54033,Harrison,West Virginia
39133,Portage,Ohio
40001,Adair,Oklahoma
28107,Panola,Mississippi
38083,Sheridan,North Dakota
30071,Phillips,Montana
49003,Box Elder,Utah
39059,Guernsey,Ohio
33007,Coos,New Hampshire
38011,Bowman,North Dakota
42039,Crawford,Pennsylvania
13187,Lumpkin,Georgia
29153,Ozark,Missouri
21225,Union,Kentucky
12057,Hillsborough,Florida
31151,Saline,Nebraska
46102,Oglala Lakota,South Dakota
51115,Mathews,Virginia
26013,Baraga,Michigan
19115,Louisa,Iowa
20043,Doniphan,Kansas
51580,Covington,Virginia
12029,Dixie,Florida
17067,Hancock,Illinois
21077,Gallatin,Kentucky
8011,Bent,Colorado
47071,Hardin,Tennessee
37019,Brunswick,North Carolina
20011,Bourbon,Kansas
36025,Delaware,New York
27003,Anoka,Minnesota
49021,Iron,Utah
48145,Falls,Texas
13267,Tattnall,Georgia
36045,Jefferson,New York
47143,Rhea,Tennessee
46137,Ziebach,South Dakota
47105,Loudon,Tennessee
21181,Nicholas,Kentucky
20149,Pottawatomie,Kansas
37185,Warren,North Carolina
13165,Jenkins,Georgia
48073,Cherokee,Texas
6097,Sonoma,California
48043,Brewster,Texas
20107,Linn,Kansas
1001,Autauga,Alabama
23005,Cumberland,Maine
45031,Darlington,South Carolina
18161,Union,Indiana
16009,Benewah,Idaho
17143,Peoria,Illinois
35043,Sandoval,New Mexico
26129,Ogemaw,Michigan
37133,Onslow,North Carolina
37121,Mitchell,North Carolina
2198,Prince of Wales-Hyder,Alaska
29133,Mississippi,Missouri
42073,Lawrence,Pennsylvania
29143,New Madrid,Missouri
21235,Whitley,Kentucky
31065,Furnas,Nebraska
13191,McIntosh,Georgia
12067,Lafayette,Florida
42013,Blair,Pennsylvania
46005,Beadle,South Dakota
36055,Monroe,New York
24017,Charles,Maryland
39069,Henry,Ohio
32007,Elko,Nevada
13045,Carroll,Georgia
20179,Sheridan,Kansas
5119,Pulaski,Arkansas
24039,Somerset,Maryland
13277,Tift,Georgia
22091,St. Helena,Louisiana
42131,Wyoming,Pennsylvania
47169,Trousdale,Tennessee
16063,Lincoln,Idaho
53047,Okanogan,Washington
18131,Pulaski,Indiana
55051,Iron,Wisconsin
37069,Franklin,North Carolina
21025,Breathitt,Kentucky
41005,Clackamas,Oregon
39149,Shelby,Ohio
51730,Petersburg,Virginia
29229,Wright,Missouri
28011,Bolivar,Mississippi
5009,Boone,Arkansas
39123,Ottawa,Ohio
17177,Stephenson,Illinois
18067,Howard,Indiana
26119,Montmorency,Michigan
36109,Tompkins,New York
6063,Plumas,California
8063,Kit Carson,Colorado
41047,Marion,Oregon
48199,Hardin,Texas
21151,Madison,Kentucky
50005,Caledonia,Vermont
29079,Grundy,Missouri
48243,Jeff Davis,Texas
47135,Perry,Tennessee
46041,Dewey,South Dakota
46069,Hyde,South Dakota
51185,Tazewell,Virginia
39039,Defiance,Ohio
28085,Lincoln,Mississippi
48507,Zavala,Texas
35025,Lea,New Mexico
48273,Kleberg,Texas
30041,Hill,Montana
21003,Allen,Kentucky
48009,Archer,Texas
54097,Upshur,West Virginia
53001,Adams,Washington
48135,Ector,Texas
28001,Adams,Mississippi
28043,Grenada,Mississippi
9001,Fairfield,Connecticut
51790,Staunton,Virginia
29173,Ralls,Missouri
37099,Jackson,North Carolina
42009,Bedford,Pennsylvania
55101,Racine,Wisconsin
18089,Lake,Indiana
21161,Mason,Kentucky
48297,Live Oak,Texas
29123,Madison,Missouri
48307,McCulloch,Texas
38049,McHenry,North Dakota
1011,Bullock,Alabama
31149,Rock,Nebraska
55121,Trempealeau,Wisconsin
19169,Story,Iowa
54041,Lewis,West Virginia
24027,Howard,Maryland
13127,Glynn,Georgia
5019,Clark,Arkansas
39113,Montgomery,Ohio
42077,Lehigh,Pennsylvania
8007,Archuleta,Colorado
29219,Warren,Missouri
39143,Sandusky,Ohio
51035,Carroll,Virginia
22059,LaSalle,Louisiana
12119,Sumter,Florida
26077,Kalamazoo,Michigan
19179,Wapello,Iowa
13109,Evans,Georgia
17121,Marion,Illinois
13253,Seminole,Georgia
46039,Deuel,South Dakota
37163,Sampson,North Carolina
51071,Giles,Virginia
29101,Johnson,Missouri
17039,De Witt,Illinois
31077,Greeley,Nebraska
8049,Grand,Colorado
17165,Saline,Illinois
26149,St. Joseph,Michigan
6033,Lake,California
17005,Bond,Illinois
28073,Lamar,Mississippi
21097,Harrison,Kentucky
19145,Page,Iowa
22121,West Baton Rouge,Louisiana
29007,Audrain,Missouri
29029,Camden,Missouri
1021,Chilton,Alabama
40129,Roger Mills,Oklahoma
31103,Keya Paha,Nebraska
54051,Marshall,West Virginia
21171,Monroe,Kentucky
28051,Holmes,Mississippi
31035,Clay,Nebraska
30021,Dawson,Montana
12131,Walton,Florida
12129,Wakulla,Florida
1113,Russell,Alabama
31003,Antelope,Nebraska
56003,Big Horn,Wyoming
55005,Barron,Wisconsin
22049,Jackson,Louisiana
48169,Garza,Texas
48327,Menard,Texas
32019,Lyon,Nevada
26159,Van Buren,Michigan
13297,Walton,Georgia
54025,Greenbrier,West Virginia
38091,Steele,North Dakota
56033,Sheridan,Wyoming
15009,Maui,Hawaii
5063,Independence,Arkansas
48435,Sutton,Texas
51540,Charlottesville,Virginia
54105,Wirt,West Virginia
31163,Sherman,Nebraska
36079,Putnam,New York
13231,Pike,Georgia
40107,Okfuskee,Oklahoma
22103,St. Tammany,Louisiana
38019,Cavalier,North Dakota
19017,Bremer,Iowa
45001,Abbeville,South Carolina
18037,Dubois,Indiana
47041,DeKalb,Tennessee
51680,Lynchburg,Virginia
26089,Leelanau,Michigan
40021,Cherokee,Oklahoma
47013,Campbell,Tennessee
36089,St. Lawrence,New York
48379,Rains,Texas
13173,Lanier,Georgia
26005,Allegan,Michigan
19051,Davis,Iowa
27027,Clay,Minnesota
47097,Lauderdale,Tennessee
48209,Hays,Texas
40075,Kiowa,Oklahoma
26059,Hillsdale,Michigan
18003,Allen,Indiana
37059,Davie,North Carolina
37197,Yadkin,North Carolina
47063,Hamblen,Tennessee
32031,Washoe,Nevada
27057,Hubbard,Minnesota
56005,Campbell,Wyoming
18101,Martin,Indiana
20051,Ellis,Kansas
30085,Roosevelt,Montana
48115,Dawson,Texas
51171,Shenandoah,Virginia
20115,Marion,Kansas
21141,Logan,Kentucky
37129,New Hanover,North Carolina
51049,Cumberland,Virginia
12043,Glades,Florida
38105,Williams,North Dakota
13307,Webster,Georgia
27081,Lincoln,Minnesota
5085,Lonoke,Arkansas
40031,Comanche,Oklahoma
29049,Clinton,Missouri
25011,Franklin,Massachusetts
20085,Jackson,Kansas
45089,Williamsburg,South Carolina
28115,Pontotoc,Mississippi
17151,Pope,Illinois
48105,Crockett,Texas
19081,Hancock,Iowa
5127,Scott,Arkansas
21205,Rowan,Kentucky
13035,Butts,Georgia
24009,Calvert,Maryland
31185,York,Nebraska
55111,Sauk,Wisconsin
20021,Cherokee,Kansas
5149,Yell,Arkansas
36015,Chemung,New York
41017,Deschutes,Oregon
45065,McCormick,South Carolina
21017,Bourbon,Kentucky
48401,Rusk,Texas
53039,Klickitat,Washington
39007,Ashtabula,Ohio
47009,Blount,Tennessee
37049,Craven,North Carolina
47127,Moore,Tennessee
26025,Calhoun,Michigan
22029,Concordia,Louisiana
48481,Wharton,Texas
48051,Burleson,Texas
1085,Lowndes,Alabama
53065,Stevens,Washington
41039,Lane,Oregon
27155,Traverse,Minnesota
29186,Ste. Genevieve,Missouri
18171,Warren,Indiana
28081,Lee,Mississippi
18025,Crawford,Indiana
38061,Mountrail,North Dakota
19105,Jones,Iowa
13063,Clayton,Georgia
1049,DeKalb,Alabama
20171,Scott,Kansas
19193,Woodbury,Iowa
55081,Monroe,Wisconsin
21107,Hopkins,Kentucky
8087,Morgan,Colorado
30031,Gallatin,Montana
38041,Hettinger,North Dakota
37091,Hertford,North Carolina
30105,Valley,Montana
30095,Stillwater,Montana
37063,Durham,North Carolina
51139,Page,Virginia
27091,Martin,Minnesota
30007,Broadwater,Montana
27145,Stearns,Minnesota
8113,San Miguel,Colorado
39079,Jackson,Ohio
56043,Washakie,Wyoming
31141,Platte,Nebraska
28149,Warren,Mississippi
12001,Alachua,Florida
40085,Love,Oklahoma
16029,Caribou,Idaho
27105,Nobles,Minnesota
47177,Warren,Tennessee
46079,Lake,South Dakota
39049,Franklin,Ohio
51011,Appomattox,Virginia
29093,Iron,Missouri
37155,Robeson,North Carolina
50027,Windsor,Vermont
13101,Echols,Georgia
35015,Eddy,New Mexico
40011,Blaine,Oklahoma
1075,Lamar,Alabama
37029,Camden,North Carolina
29071,Franklin,Missouri
26069,Iosco,Michigan
31099,Kearney,Nebraska
48017,Bailey,Texas
46089,McPherson,South Dakota
25023,Plymouth,Massachusetts
30051,Liberty,Montana
28163,Yazoo,Mississippi
1051,Elmore,Alabama
26047,Emmet,Michigan
51101,King William,Virginia
36119,Westchester,New York
17113,McLean,Illinois
53009,Clallam,Washington
8025,Crowley,Colorado
48263,Kent,Texas
13005,Bacon,Georgia
30061,Mineral,Montana
1105,Perry,Alabama
21125,Laurel,Kentucky
28017,Chickasaw,Mississippi
18055,Greene,Indiana
26113,Missaukee,Michigan
1029,Cleburne,Alabama
31111,Lincoln,Nebraska
48161,Freestone,Texas
45025,Chesterfield,South Carolina
51520,Bristol,Virginia
54075,Pocahontas,West Virginia
16039,Elmore,Idaho
28059,Jackson,Mississippi
48425,Somervell,Texas
50017,Orange,Vermont
37191,Wayne,North Carolina
38099,Walsh,North Dakota
5147,Woodruff,Arkansas
48351,Newton,Texas
32029,Storey,Nevada
56025,Natrona,Wyoming
31013,Box Butte,Nebraska
26135,Oscoda,Michigan
55137,Waushara,Wisconsin
48289,Leon,Texas
18045,Fountain,Indiana
45047,Greenwood,South Carolina
18177,Wayne,Indiana
54109,Wyoming,West Virginia
42051,Fayette,Pennsylvania
48465,Val Verde,Texas
12105,Polk,Florida
13239,Quitman,Georgia
36087,Rockland,New York
55029,Door,Wisconsin
4027,Yuma,Arizona
48371,Pecos,Texas
37035,Catawba,North Carolina
47147,Robertson,Tennessee
27033,Cottonwood,Minnesota
47033,Crockett,Tennessee
36065,Oneida,New York
26067,Ionia,Michigan
41019,Douglas,Oregon
16073,Owyhee,Idaho
27019,Carver,Minnesota
17049,Effingham,Illinois
19099,Jasper,Iowa
29057,Dade,Missouri
42061,Huntingdon,Pennsylvania
20059,Franklin,Kansas
18011,Boone,Indiana
18109,Morgan,Indiana
19027,Carroll,Iowa
5029,Conway,Arkansas
12051,Hendry,Florida
48319,Mason,Texas
56013,Fremont,Wyoming
35059,Union,New Mexico
26165,Wexford,Michigan
26097,Mackinac,Michigan
40109,Oklahoma,Oklahoma
29187,St. Francois,Missouri
28109,Pearl River,Mississippi
48079,Cochran,Texas
55083,Oconto,Wisconsin
47121,Meigs,Tennessee
36009,Cattaraugus,New York
51163,Rockbridge,Virginia
20093,Kearny,Kansas
12077,Liberty,Florida
23029,Washington,Maine
38005,Benson,North Dakota
47077,Henderson,Tennessee
39167,Washington,Ohio
6021,Glenn,California
28123,Scott,Mississippi
21133,Letcher,Kentucky
22039,Evangeline,Louisiana
54103,Wetzel,West Virginia
20123,Mitchell,Kansas
48445,Terry,Texas
48097,Cooke,Texas
45081,Saluda,South Carolina
13315,Wilcox,Georgia
13149,Heard,Georgia
5093,Mississippi,Arkansas
48361,Orange,Texas
29125,Maries,Missouri
46119,Sully,South Dakota
37065,Edgecombe,North Carolina
19057,Des Moines,Iowa
48337,Montague,Texas
20029,Cloud,Kansas
16017,Bonner,Idaho
55103,Richland,Wisconsin
35009,Curry,New Mexico
48381,Randall,Texas
17087,Johnson,Illinois
19129,Mills,Iowa
37005,Alleghany,North Carolina
27131,Rice,Minnesota
51077,Grayson,Virginia
40077,Latimer,Oklahoma
46085,Lyman,South Dakota
21189,Owsley,Kentucky
29063,DeKalb,Missouri
6007,Butte,California
1041,Crenshaw,Alabama
22069,Natchitoches,Louisiana
26033,Chippewa,Michigan
39013,Belmont,Ohio
48059,Callahan,Texas
27011,Big Stone,Minnesota
31101,Keith,Nebraska
13071,Colquitt,Georgia
19163,Scott,Iowa
37001,Alamance,North Carolina
48489,Willacy,Texas
28157,Wilkinson,Mississippi
1093,Marion,Alabama
30023,Deer Lodge,Montana
20163,Rooks,Kansas
2275,Wrangell,Alaska
46025,Clark,South Dakota
17023,Clark,Illinois
27067,Kandiyohi,Minnesota
29179,Reynolds,Missouri
21041,Carroll,Kentucky
8079,Mineral,Colorado
18147,Spencer,Indiana
31175,Valley,Nebraska
27169,Winona,Minnesota
19185,Wayne,Iowa
55075,Marinette,Wisconsin
13061,Clay,Georgia
22005,Ascension,Louisiana
48225,Houston,Texas
51650,Hampton,Virginia
12011,Broward,Florida
37083,Halifax,North Carolina
5083,Logan,Arkansas
29171,Putnam,Missouri
54045,Logan,West Virginia
47185,White,Tennessee
48415,Scurry,Texas
6085,Santa Clara,California
40055,Greer,Oklahoma
38069,Pierce,North Dakota
30087,Rosebud,Montana
8089,Otero,Colorado
33019,Sullivan,New Hampshire
13125,Glascock,Georgia
42115,Susquehanna,Pennsylvania
35037,Quay,New Mexico
29023,Butler,Missouri
1115,St. Clair,Alabama
53073,Whatcom,Washington
10001,Kent,Delaware
27097,Morrison,Minnesota
37147,Pitt,North Carolina
2122,Kenai Peninsula,Alaska
36095,Schoharie,New York
51067,Franklin,Virginia
46055,Haakon,South Dakota
48021,Bastrop,Texas
21215,Spencer,Kentucky
8033,Dolores,Colorado
26003,Alger,Michigan
36039,Greene,New York
1059,Franklin,Alabama
51019,Bedford,Virginia
47057,Grainger,Tennessee
38035,Grand Forks,North Dakota
40095,Marshall,Oklahoma
41029,Jackson,Oregon
6061,Placer,California
29013,Bates,Missouri
51820,Waynesboro,Virginia
41059,Umatilla,Oregon
28029,Copiah,Mississippi
13179,Liberty,Georgia
20073,Greenwood,Kansas
48187,Guadalupe,Texas
37113,Macon,North Carolina
13215,Muscogee,Georgia
5107,Phillips,Arkansas
28129,Smith,Mississippi
26143,Roscommon,Michigan
18119,Owen,Indiana
31021,Burt,Nebraska
49035,Salt Lake,Utah
45017,Calhoun,South Carolina
31121,Merrick,Nebraska
38075,Renville,North Dakota
19001,Adair,Iowa
39125,Paulding,Ohio
55057,Juneau,Wisconsin
35029,Luna,New Mexico
5137,Stone,Arkansas
28099,Neshoba,Mississippi
39095,Lucas,Ohio
16081,Teton,Idaho
27119,Polk,Minnesota
54009,Brooke,West Virginia
13115,Floyd,Georgia
37043,Clay,North Carolina
49011,Davis,Utah
21095,Harlan,Kentucky
21233,Webster,Kentucky
51155,Pulaski,Virginia
30069,Petroleum,Montana
12003,Baker,Florida
47083,Houston,Tennessee
12113,Santa Rosa,Florida
42031,Clarion,Pennsylvania
48255,Karnes,Texas
28035,Forrest,Mississippi
47047,Fayette,Tennessee
41057,Tillamook,Oregon
17057,Fulton,Illinois
27041,Douglas,Minnesota
6051,Mono,California
17103,Lee,Illinois
8017,Cheyenne,Colorado
51125,Nelson,Virginia
31057,Dundy,Nebraska
13199,Meriwether,Georgia
22047,Iberville,Louisiana
19091,Humboldt,Iowa
36061,New York,New York
36073,Orleans,New York
39159,Union,Ohio
4019,Pima,Arizona
6105,Trinity,California
36001,Albany,New York
51610,Falls Church,Virginia
37177,Tyrrell,North Carolina
5021,Clay,Arkansas
13259,Stewart,Georgia
22077,Pointe Coupee,Louisiana
20099,Labette,Kansas
42095,Northampton,Pennsylvania
27139,Scott,Minnesota
21055,Crittenden,Kentucky
12059,Holmes,Florida
16047,Gooding,Idaho
42021,Cambria,Pennsylvania
31047,Dawson,Nebraska
48035,Bosque,Texas
38089,Stark,North Dakota
37141,Pender,North Carolina
48065,Carson,Texas
19035,Cherokee,Iowa
2180,Nome,Alaska
55091,Pepin,Wisconsin
29199,Scotland,Missouri
12069,Lake,Florida
45039,Fairfield,South Carolina
20157,Republic,Kansas
49001,Beaver,Utah
23013,Knox,Maine
26105,Mason,Michigan
39061,Hamilton,Ohio
21117,Kenton,Kentucky
19065,Fayette,Iowa
38055,McLean,North Dakota
20035,Cowley,Kansas
13189,McDuffie,Georgia
17015,Carroll,Illinois
47161,Stewart,Tennessee
20187,Stanton,Kansas
18139,Rush,Indiana
53023,Garfield,Washington
5073,Lafayette,Arkansas
36031,Essex,New York
39031,Coshocton,Ohio
22113,Vermilion,Louisiana
13021,Bibb,Georgia
17185,Wabash,Illinois
46013,Brown,South Dakota
47019,Carter,Tennessee
37077,Granville,North Carolina
55043,Grant,Wisconsin
27127,Redwood,Minnesota
8071,Las Animas,Colorado
48191,Hall,Texas
51027,Buchanan,Virginia
42075,Lebanon,Pennsylvania
51085,Hanover,Virginia
24047,Worcester,Maryland
1123,Tallapoosa,Alabama
17079,Jasper,Illinois
37013,Beaufort,North Carolina
19177,Van Buren,Iowa
17195,Whiteside,Illinois
40119,Payne,Oklahoma
18075,Jay,Indiana
6071,San Bernardino,California
28093,Marshall,Mississippi
47111,Macon,Tennessee
8097,Pitkin,Colorado
20137,Norton,Kansas
19155,Pottawattamie,Iowa
36117,Wayne,New York
48001,Anderson,Texas
35003,Catron,New Mexico
21159,Martin,Kentucky
54089,Summers,West Virginia
48015,Austin,Texas
13135,Gwinnett,Georgia
22013,Bienville,Louisiana
5043,Drew,Arkansas
30049,Lewis and Clark,Montana
46127,Union,South Dakota
18155,Switzerland,Indiana
46021,Campbell,South Dakota
53053,Pierce,Washington
27161,Waseca,Minnesota
48499,Wood,Texas
13019,Berrien,Georgia
29087,Holt,Missouri
40013,Bryan,Oklahoma
2220,Sitka,Alaska
27075,Lake,Minnesota
5045,Faulkner,Arkansas
17131,Mercer,Illinois
38025,Dunn,North Dakota
21011,Bath,Kentucky
50007,Chittenden,Vermont
41069,Wheeler,Oregon
13051,Chatham,Georgia
27063,Jackson,Minnesota
20201,Washington,Kansas
49045,Tooele,Utah
42085,Mercer,Pennsylvania
48233,Hutchinson,Texas
28065,Jefferson Davis,Mississippi
5011,Bradley,Arkansas
39121,Noble,Ohio
48455,Trinity,Texas
6115,Yuba,California
28009,Benton,Mississippi
37107,Lenoir,North Carolina
13085,Dawson,Georgia
24019,Dorchester,Maryland
49055,Wayne,Utah
53025,Grant,Washington
1003,Baldwin,Alabama
30005,Blaine,Montana
21223,Trimble,Kentucky
31087,Hitchcock,Nebraska
26023,Branch,Michigan
8041,El Paso,Colorado
19121,Madison,Iowa
46063,Harding,South Dakota
40047,Garfield,Oklahoma
29077,Greene,Missouri
13245,Richmond,Georgia
13285,Troup,Georgia
9009,New Haven,Connecticut
2090,Fairbanks North Star,Alaska
48391,Refugio,Texas
40149,Washita,Oklahoma
31085,Hayes,Nebraska
6041,Marin,California
48127,Dimmit,Texas
53059,Skamania,Washington
51135,Nottoway,Virginia
37171,Surry,North Carolina
29163,Pike,Missouri
48479,Webb,Texas
36071,Orange,New York
53003,Asotin,Washington
8125,Yuma,Colorado
30107,Wheatland,Montana
21163,Meade,Kentucky
30013,Cascade,Montana
51590,Danville,Virginia
38043,Kidder,North Dakota
55099,Price,Wisconsin
8095,Phillips,Colorado
54039,Kanawha,West Virginia
24029,Kent,Maryland
6095,Solano,California
13133,Greene,Georgia
1013,Butler,Alabama
20065,Graham,Kansas
8009,Baca,Colorado
1121,Talladega,Alabama
12121,Suwannee,Florida
5013,Calhoun,Arkansas
13255,Spalding,Georgia
20109,Logan,Kansas
13107,Emanuel,Georgia
51191,Washington,Virginia
40147,Washington,Oklahoma
17167,Sangamon,Illinois
47091,Johnson,Tennessee
8051,Gunnison,Colorado
13289,Twiggs,Georgia
31075,Grant,Nebraska
48103,Crane,Texas
28075,Lauderdale,Mississippi
17133,Monroe,Illinois
15001,Hawaii,Hawaii
19009,Audubon,Iowa
48247,Jim Hogg,Texas
20075,Hamilton,Kansas
2185,North Slope,Alaska
26151,Sanilac,Michigan
6031,Kings,California
24015,Cecil,Maryland
46007,Bennett,South Dakota
40067,Jefferson,Oklahoma
22081,Red River,Louisiana
18129,Posey,Indiana
39151,Stark,Ohio
19043,Clayton,Iowa
27049,Goodhue,Minnesota
12123,Taylor,Florida
39009,Athens,Ohio
28139,Tippah,Mississippi
37051,Cumberland,North Carolina
31109,Lancaster,Nebraska
39101,Marion,Ohio
48429,Stephens,Texas
6069,San Benito,California
12093,Okeechobee,Florida
26161,Washtenaw,Michigan
13299,Ware,Georgia
41049,Morrow,Oregon
42105,Potter,Pennsylvania
42127,Wayne,Pennsylvania
55015,Calumet,Wisconsin
48237,Jack,Texas
4012,La Paz,Arizona
39081,Jefferson,Ohio
21149,McLean,Kentucky
31165,Sioux,Nebraska
47137,Pickett,Tennessee
48197,Hardeman,Texas
49027,Millard,Utah
48275,Knox,Texas
33009,Grafton,New Hampshire
51179,Stafford,Virginia
18035,Delaware,Indiana
36081,Queens,New York
46043,Douglas,South Dakota
39037,Darke,Ohio
48501,Yoakum,Texas
38021,Dickey,North Dakota
30077,Powell,Montana
21109,Jackson,Kentucky
31153,Sarpy,Nebraska
19019,Buchanan,Iowa
54091,Taylor,West Virginia
21129,Lee,Kentucky
22101,St. Mary,Louisiana
26087,Lapeer,Michigan
47027,Clay,Tennessee
48301,Loving,Texas
48133,Eastland,Texas
12031,Duval,Florida
48365,Panola,Texas
42041,Cumberland,Pennsylvania
46097,Miner,South Dakota
27147,Steele,Minnesota
37021,Buncombe,North Carolina
31139,Pierce,Nebraska
20045,Douglas,Kansas
20139,Osage,Kansas
25013,Hampden,Massachusetts
20013,Brown,Kansas
18099,Marshall,Indiana
21197,Powell,Kentucky
48157,Fort Bend,Texas
47001,Anderson,Tennessee
48421,Sherman,Texas
19073,Greene,Iowa
27059,Isanti,Minnesota
48075,Childress,Texas
49057,Weber,Utah
42011,Berks,Pennsylvania
21057,Cumberland,Kentucky
18163,Vanderburgh,Indiana
21099,Hart,Kentucky
20129,Morton,Kansas
48037,Bowie,Texas
29073,Gasconade,Missouri
48147,Fannin,Texas
27083,Lyon,Minnesota
29197,Schuyler,Missouri
42067,Juniata,Pennsylvania
26049,Genesee,Michigan
8115,Sedgwick,Colorado
8031,Denver,Colorado
22021,Caldwell,Louisiana
19147,Palo Alto,Iowa
12061,Indian River,Florida
29175,Randolph,Missouri
22123,West Carroll,Louisiana
1057,Fayette,Alabama
31045,Dawes,Nebraska
40005,Atoka,Oklahoma
1077,Lauderdale,Alabama
25001,Barnstable,Massachusetts
17007,Boone,Illinois
40033,Cotton,Oklahoma
5099,Nevada,Arkansas
54061,Monongalia,West Virginia
29039,Cedar,Missouri
32009,Esmeralda,Nevada
19063,Emmet,Iowa
16021,Boundary,Idaho
31025,Cass,Nebraska
13011,Banks,Georgia
29009,Barry,Missouri
8105,Rio Grande,Colorado
2050,Bethel,Alaska
53033,King,Washington
13077,Coweta,Georgia
55045,Green,Wisconsin
6013,Contra Costa,California
13043,Candler,Georgia
17197,Will,Illinois
17071,Henderson,Illinois
51700,Newport News,Virginia
48167,Galveston,Texas
13087,Decatur,Georgia
56031,Platte,Wyoming
35055,Taos,New Mexico
8061,Kiowa,Colorado
18183,Whitley,Indiana
1043,Cullman,Alabama
30043,Jefferson,Montana
40039,Custer,Oklahoma
27113,Pennington,Minnesota
5053,Grant,Arkansas
38085,Sioux,North Dakota
5109,Pike,Arkansas
53067,Thurston,Washington
19053,Decatur,Iowa
40003,Alfalfa,Oklahoma
51147,Prince Edward,Virginia
46105,Perkins,South Dakota
18065,Henry,Indiana
48011,Armstrong,Texas
46071,Jackson,South Dakota
1067,Henry,Alabama
26015,Barry,Michigan
38051,McIntosh,North Dakota
36111,Ulster,New York
29155,Pemiscot,Missouri
53011,Clark,Washington
2261,Valdez-Cordova,Alaska
28045,Hancock,Mississippi
20057,Ford,Kansas
13163,Jefferson,Georgia
47035,Cumberland,Tennessee
47073,Hawkins,Tennessee
37097,Iredell,North Carolina
6087,Santa Cruz,California
19117,Lucas,Iowa
48471,Walker,Texas
16031,Cassia,Idaho
13197,Marion,Georgia
51109,Louisa,Virginia
21079,Garrard,Kentucky
8015,Chaffee,Colorado
36019,Clinton,New York
30009,Carbon,Montana
6023,Humboldt,California
12085,Martin,Florida
27103,Nicollet,Minnesota
48211,Hemphill,Texas
1131,Wilcox,Alabama
48295,Lipscomb,Texas
37061,Duplin,North Carolina
17061,Greene,Illinois
47011,Bradley,Tennessee
47099,Lawrence,Tennessee
37157,Rockingham,North Carolina
55085,Oneida,Wisconsin
48085,Collin,Texas
19181,Warren,Iowa
19127,Marshall,Iowa
48281,Lampasas,Texas
29145,Newton,Missouri
45033,Dillon,South Carolina
51013,Arlington,Virginia
13099,Early,Georgia
51001,Accomack,Virginia
56037,Sweetwater,Wyoming
55037,Florence,Wisconsin
4003,Cochise,Arizona
12019,Clay,Florida
23003,Aroostook,Maine
51107,Loudoun,Virginia
37123,Montgomery,North Carolina
36121,Wyoming,New York
26131,Ontonagon,Michigan
17141,Ogle,Illinois
31067,Gage,Nebraska
28113,Pike,Mississippi
39051,Fulton,Ohio
35045,San Juan,New Mexico
30053,Lincoln,Montana
16065,Madison,Idaho
40139,Texas,Oklahoma
48173,Glasscock,Texas
13275,Thomas,Georgia
19083,Hardin,Iowa
20003,Anderson,Kansas
40097,Mayes,Oklahoma
22093,St. James,Louisiana
13151,Henry,Georgia
36017,Chenango,New York
40101,Muskogee,Oklahoma
13217,Newton,Georgia
24037,St. Mary's,Maryland
31005,Arthur,Nebraska
21173,Montgomery,Kentucky
21069,Fleming,Kentucky
45023,Chester,South Carolina
41011,Coos,Oregon
18121,Parke,Indiana
54073,Pleasants,West Virginia
55007,Bayfield,Wisconsin
45059,Laurens,South Carolina
17175,Stark,Illinois
24005,Baltimore,Maryland
41007,Clatsop,Oregon
28013,Calhoun,Mississippi
48049,Brown,Texas
45057,Lancaster,South Carolina
44005,Newport,Rhode Island
16001,Ada,Idaho
22031,De Soto,Louisiana
47129,Morgan,Tennessee
26101,Manistee,Michigan
48437,Swisher,Texas
30073,Pondera,Montana
27157,Wabasha,Minnesota
41041,Lincoln,Oregon
39139,Richland,Ohio
26121,Muskegon,Michigan
18027,Daviess,Indiana
13141,Hancock,Georgia
54083,Randolph,West Virginia
31173,Thurston,Nebraska
37041,Chowan,North Carolina
19107,Keokuk,Iowa
12009,Brevard,Florida
29181,Ripley,Missouri
20173,Sedgwick,Kansas
48493,Wilson,Texas
21039,Carlisle,Kentucky
48261,Kenedy,Texas
8081,Moffat,Colorado
6077,San Joaquin,California
21227,Warren,Kentucky
28003,Alcorn,Mississippi
27093,Meeker,Minnesota
42003,Allegheny,Pennsylvania
27073,Lac qui Parle,Minnesota
37093,Hoke,North Carolina
13269,Taylor,Georgia
55115,Shawano,Wisconsin
29221,Washington,Missouri
18091,LaPorte,Indiana
42113,Sullivan,Pennsylvania
16055,Kootenai,Idaho
18001,Adams,Indiana
21193,Perry,Kentucky
47141,Putnam,Tennessee
26007,Alpena,Michigan
29117,Livingston,Missouri
37187,Washington,North Carolina
19171,Tama,Iowa
40053,Grant,Oklahoma
51041,Chesterfield,Virginia
22061,Lincoln,Louisiana
39145,Scioto,Ohio
32033,White Pine,Nevada
47175,Van Buren,Tennessee
39115,Morgan,Ohio
26079,Kalkaska,Michigan
36047,Kings,New York
33017,Strafford,New Hampshire
26057,Gratiot,Michigan
56007,Carbon,Wyoming
51775,Salem,Virginia
53075,Whitman,Washington
10003,New Castle,Delaware
46033,Custer,South Dakota
17111,McHenry,Illinois
20121,Miami,Kansas
49049,Utah,Utah
29103,Knox,Missouri
21049,Clark,Kentucky
37127,Nash,North Carolina
48325,Medina,Texas
35017,Grant,New Mexico
5091,Miller,Arkansas
17041,Douglas,Illinois
51159,Richmond,Virginia
51043,Clarke,Virginia
27029,Clearwater,Minnesota
45087,Union,South Carolina
27123,Ramsey,Minnesota
53041,Lewis,Washington
22017,Caddo,Louisiana
48109,Culberson,Texas
21143,Lyon,Kentucky
21237,Wolfe,Kentucky
48373,Polk,Texas
37161,Rutherford,North Carolina
25021,Norfolk,Massachusetts
36057,Montgomery,New York
18057,Hamilton,Indiana
20185,Stafford,Kansas
13033,Burke,Georgia
48339,Montgomery,Texas
29031,Cape Girardeau,Missouri
1019,Cherokee,Alabama
29211,Sullivan,Missouri
48343,Morris,Texas
28049,Hinds,Mississippi
21207,Russell,Kentucky
6005,Amador,California
47163,Sullivan,Tennessee
55109,St. Croix,Wisconsin
31037,Colfax,Nebraska
29115,Linn,Missouri
21027,Breckinridge,Kentucky
13003,Atkinson,Georgia
36101,Steuben,New York
48407,San Jacinto,Texas
48217,Hill,Texas
1107,Pickens,Alabama
22051,Jefferson,Louisiana
48403,Sabine,Texas
31131,Otoe,Nebraska
12075,Levy,Florida
51079,Greene,Virginia
48029,Bexar,Texas
5117,Prairie,Arkansas
56001,Albany,Wyoming
55063,La Crosse,Wisconsin
16085,Valley,Idaho
5061,Howard,Arkansas
19161,Sac,Iowa
17031,Cook,Illinois
32017,Lincoln,Nevada
18173,Warrick,Indiana
48231,Hunt,Texas
13069,Coffee,Georgia
22011,Beauregard,Louisiana
42049,Erie,Pennsylvania
13229,Pierce,Georgia
54019,Fayette,West Virginia
20203,Wichita,Kansas
55027,Dodge,Wisconsin
55079,Milwaukee,Wisconsin
54053,Mason,West Virginia
19137,Montgomery,Iowa
27167,Wilkin,Minnesota
4025,Yavapai,Arizona
12017,Citrus,Florida
29169,Pulaski,Missouri
13171,Lamar,Georgia
8023,Costilla,Colorado
47065,Hamilton,Tennessee
29021,Buchanan,Missouri
49043,Summit,Utah
31059,Fillmore,Nebraska
19191,Winneshiek,Iowa
27031,Cook,Minnesota
22095,St. John the Baptist,Louisiana
56045,Weston,Wyoming
51117,Mecklenburg,Virginia
21071,Floyd,Kentucky
21179,Nelson,Kentucky
38067,Pembina,North Dakota
13207,Monroe,Georgia
27095,Mille Lacs,Minnesota
5027,Columbia,Arkansas
37149,Polk,North Carolina
37105,Lee,North Carolina
6079,San Luis Obispo,California
31011,Boone,Nebraska
54017,Doddridge,West Virginia
45015,Berkeley,South Carolina
12041,Gilchrist,Florida
26123,Newaygo,Michigan
20091,Johnson,Kansas
2110,Juneau,Alaska
16007,Bear Lake,Idaho
18113,Noble,Indiana
48077,Clay,Texas
51021,Bland,Virginia
23011,Kennebec,Maine
55093,Pierce,Wisconsin
31171,Thomas,Nebraska
6015,Del Norte,California
28121,Rankin,Mississippi
13305,Wayne,Georgia
17149,Pike,Illinois
51099,King George,Virginia
20027,Clay,Kansas
17183,Vermilion,Illinois
46117,Stanley,South Dakota
21165,Menifee,Kentucky
13181,Lincoln,Georgia
28047,Harrison,Mississippi
44003,Kent,Rhode Island
54037,Jefferson,West Virginia
47055,Giles,Tennessee
39075,Holmes,Ohio
17095,Knox,Illinois
28027,Coahoma,Mississippi
39021,Champaign,Ohio
40131,Rogers,Oklahoma
41065,Wasco,Oregon
13283,Treutlen,Georgia
36029,Erie,New York
17085,Jo Daviess,Illinois
29205,Shelby,Missouri
31093,Howard,Nebraska
13209,Montgomery,Georgia
48181,Grayson,Texas
54081,Raleigh,West Virginia
37095,Hyde,North Carolina
35028,Los Alamos,New Mexico
40083,Logan,Oklahoma
24045,Wicomico,Maryland
45067,Marion,South Carolina
39131,Pike,Ohio
38097,Traill,North Dakota
28091,Marion,Mississippi
48057,Calhoun,Texas
21047,Christian,Kentucky
24031,Montgomery,Maryland
16079,Shoshone,Idaho
39085,Lake,Ohio
48287,Lee,Texas
36123,Yates,New York
30093,Silver Bow,Montana
30029,Flathead,Montana
53051,Pend Oreille,Washington
47089,Jefferson,Tennessee
48253,Jones,Texas
17169,Schuyler,Illinois
21093,Hardin,Kentucky
20165,Rush,Kansas
45003,Aiken,South Carolina
22085,Sabine,Louisiana
15003,Honolulu,Hawaii
31181,Webster,Nebraska
6053,Monterey,California
18019,Clark,Indiana
49009,Daggett,Utah
4001,Apache,Arizona
28037,Franklin,Mississippi
17055,Franklin,Illinois
19097,Jackson,Iowa
35057,Torrance,New Mexico
53031,Jefferson,Washington
27021,Cass,Minnesota
42083,McKean,Pennsylvania
47153,Sequatchie,Tennessee
13013,Barrow,Georgia
22003,Allen,Louisiana
17105,Livingston,Illinois
26065,Ingham,Michigan
21009,Barren,Kentucky
47045,Dyer,Tennessee
51678,Lexington,Virginia
39165,Warren,Ohio
29213,Taney,Missouri
21213,Simpson,Kentucky
20195,Trego,Kansas
18009,Blackford,Indiana
13261,Sumter,Georgia
22075,Plaquemines,Louisiana
28155,Webster,Mississippi
26037,Clinton,Michigan
47183,Weakley,Tennessee
48027,Bell,Texas
26133,Osceola,Michigan
56015,Goshen,Wyoming
48317,Martin,Texas
28101,Newton,Mississippi
18083,Knox,Indiana
42121,Venango,Pennsylvania
29095,Jackson,Missouri
29113,Lincoln,Missouri
51033,Caroline,Virginia
28111,Perry,Mississippi
27137,St. Louis,Minnesota
47119,Maury,Tennessee
51051,Dickenson,Virginia
48151,Fisher,Texas
55025,Dane,Wisconsin
26071,Iron,Michigan
40045,Ellis,Oklahoma
51169,Scott,Virginia
46053,Gregory,South Dakota
36007,Broome,New York
26001,Alcona,Michigan
22037,East Feliciana,Louisiana
17119,Madison,Illinois
31029,Chase,Nebraska
37169,Stokes,North Carolina
29139,Montgomery,Missouri
51065,Fluvanna,Virginia
41071,Yamhill,Oregon
45079,Richland,South Carolina
23031,York,Maine
37085,Harnett,North Carolina
48117,Deaf Smith,Texas
47075,Haywood,Tennessee
21135,Lewis,Kentucky
21115,Johnson,Kentucky
13143,Haralson,Georgia
20193,Thomas,Kansas
5125,Saline,Arkansas
20047,Edwards,Kansas
47155,Sevier,Tennessee
38033,Golden Valley,North Dakota
47139,Polk,Tennessee
18049,Fulton,Indiana
48087,Collingsworth,Texas
35007,Colfax,New Mexico
1027,Clay,Alabama
37115,Madison,North Carolina
5037,Cross,Arkansas
37189,Watauga,North Carolina
21019,Boyd,Kentucky
36049,Lewis,New York
50015,Lamoille,Vermont
36093,Schenectady,New York
55135,Waupaca,Wisconsin
16037,Custer,Idaho
28057,Itawamba,Mississippi
51087,Henrico,Virginia
48487,Wilbarger,Texas
39019,Carroll,Ohio
47109,McNairy,Tennessee
30003,Big Horn,Montana
48349,Navarro,Texas
26031,Cheboygan,Michigan
31123,Morrill,Nebraska
55035,Eau Claire,Wisconsin
31133,Pawnee,Nebraska
55123,Vernon,Wisconsin
37179,Union,North Carolina
1083,Limestone,Alabama
18165,Vermillion,Indiana
55055,Jefferson,Wisconsin
54027,Hampshire,West Virginia
42057,Fulton,Pennsylvania
40019,Carter,Oklahoma
12103,Pinellas,Florida
48467,Van Zandt,Texas
55073,Marathon,Wisconsin
13237,Putnam,Georgia
17021,Christian,Illinois
32027,Pershing,Nevada
27159,Wadena,Minnesota
30059,Meagher,Montana
46019,Butte,South Dakota
29085,Hickory,Missouri
5047,Franklin,Arkansas
27039,Dodge,Minnesota
48223,Hopkins,Texas
48453,Travis,Texas
28067,Jones,Mississippi
2070,Dillingham,Alaska
36059,Nassau,New York
5035,Crittenden,Arkansas
12049,Hardee,Florida
6103,Tehama,California
38003,Barnes,North Dakota
49023,Juab,Utah
27009,Benton,Minnesota
4017,Navajo,Arizona
8001,Adams,Colorado
51620,Franklin City,Virginia
24021,Frederick,Maryland
19007,Appanoose,Iowa
1005,Barbour,Alabama
40145,Wagoner,Oklahoma
35035,Otero,New Mexico
21187,Owen,Kentucky
20101,Lane,Kansas
26021,Berrien,Michigan
8043,Fremont,Colorado
48359,Oldham,Texas
48047,Brooks,Texas
48477,Washington,Texas
17077,Jackson,Illinois
12083,Marion,Florida
41001,Baker,Oregon
19033,Cerro Gordo,Iowa
6039,Madera,California
39001,Adams,Ohio
13247,Rockdale,Georgia
9007,Middlesex,Connecticut
31083,Harlan,Nebraska
51133,Northumberland,Virginia
20067,Grant,Kansas
13313,Whitfield,Georgia
29161,Phelps,Missouri
17125,Mason,Illinois
39029,Columbiana,Ohio
18137,Ripley,Indiana
31117,McPherson,Nebraska
36037,Genesee,New York
21123,Larue,Kentucky
39067,Harrison,Ohio
48451,Tom Green,Texas
22115,Vernon,Louisiana
53021,Franklin,Washington
26111,Midland,Michigan
13023,Bleckley,Georgia
21085,Grayson,Kentucky
46015,Brule,South Dakota
28131,Stone,Mississippi
16015,Boise,Idaho
21157,Marshall,Kentucky
46083,Lincoln,South Dakota
23021,Piscataquis,Maine
17159,Richland,Illinois
51510,Alexandria,Virginia
47025,Claiborne,Tennessee
46095,Mellette,South Dakota
49033,Rich,Utah
31019,Buffalo,Nebraska
39093,Lorain,Ohio
29065,Dent,Missouri
41027,Hood River,Oregon
21067,Fayette,Kentucky
37011,Avery,North Carolina
22109,Terrebonne,Louisiana
48245,Jefferson,Texas
40117,Pawnee,Oklahoma
30037,Golden Valley,Montana
54007,Braxton,West Virginia
13291,Union,Georgia
48189,Hale,Texas
20131,Nemaha,Kansas
48279,Lamb,Texas
23017,Oxford,Maine
18153,Sullivan,Indiana
19011,Benton,Iowa
16071,Oneida,Idaho
45045,Greenville,South Carolina
38013,Burke,North Dakota
46125,Turner,South Dakota
48013,Atascosa,Texas
17135,Montgomery,Illinois
18043,Floyd,Indiana
20001,Allen,Kansas
31157,Scotts Bluff,Nebraska
20077,Harper,Kansas
51187,Warren,Virginia
39157,Tuscarawas,Ohio
41055,Sherman,Oregon
40027,Cleveland,Oklahoma
20037,Crawford,Kansas
26095,Luce,Michigan
37033,Caswell,North Carolina
8107,Routt,Colorado
51690,Martinsville,Virginia
22045,Iberia,Louisiana
48413,Schleicher,Texas
30101,Toole,Montana
13053,Chattahoochee,Georgia
38023,Divide,North Dakota
20155,Reno,Kansas
18107,Montgomery,Indiana
31147,Richardson,Nebraska
29055,Crawford,Missouri
26041,Delta,Michigan
17047,Edwards,Illinois
33001,Belknap,New Hampshire
46103,Pennington,South Dakota
56023,Lincoln,Wyoming
13079,Crawford,Georgia
48309,McLennan,Texas
40091,McIntosh,Oklahoma
13257,Stephens,Georgia
22067,Morehouse,Louisiana
32015,Lander,Nevada
42097,Northumberland,Pennsylvania
13089,DeKalb,Georgia
46061,Hanson,South Dakota
51177,Spotsylvania,Virginia
31053,Dodge,Nebraska
31089,Holt,Nebraska
37139,Pasquotank,North Carolina
48067,Cass,Texas
21221,Trigg,Kentucky
42019,Butler,Pennsylvania
42063,Indiana,Pennsylvania
38087,Slope,North Dakota
40037,Creek,Oklahoma
54101,Webster,West Virginia
48125,Dickens,Texas
48389,Reeves,Texas
25005,Bristol,Massachusetts
19071,Fremont,Iowa
5111,Poinsett,Arkansas
29001,Adair,Missouri
1065,Hale,Alabama
1069,Houston,Alabama
26085,Lake,Michigan
5075,Lawrence,Arkansas
55065,Lafayette,Wisconsin
48095,Concho,Texas
32001,Churchill,Nevada
51735,Poquoson,Virginia
8039,Elbert,Colorado
29131,Miller,Missouri
37075,Graham,North Carolina
1091,Marengo,Alabama
19135,Monroe,Iowa
5101,Newton,Arkansas
18097,Marion,Indiana
8069,Larimer,Colorado
1129,Washington,Alabama
48159,Franklin,Texas
38077,Richland,North Dakota
26141,Presque Isle,Michigan
29227,Worth,Missouri
48423,Smith,Texas
16045,Gem,Idaho
5139,Union,Arkansas
17189,Washington,Illinois
8103,Rio Blanco,Colorado
55127,Walworth,Wisconsin
1035,Conecuh,Alabama
13117,Forsyth,Georgia
51157,Rappahannock,Virginia
27121,Pope,Minnesota
48003,Andrews,Texas
5077,Lee,Arkansas
46031,Corson,South Dakota
30067,Park,Montana
12111,St. Lucie,Florida
18073,Jasper,Indiana
42033,Clearfield,Pennsylvania
17013,Calhoun,Illinois
16067,Minidoka,Idaho
22083,Richland,Louisiana
19061,Dubuque,Iowa
16023,Butte,Idaho
20033,Comanche,Kansas
20175,Seward,Kansas
5131,Sebastian,Arkansas
36011,Cayuga,New York
55047,Green Lake,Wisconsin
48409,San Patricio,Texas
13075,Cook,Georgia
53035,Kitsap,Washington
21029,Bullitt,Kentucky
17199,Williamson,Illinois
6011,Colusa,California
37053,Currituck,North Carolina
13031,Bulloch,Georgia
39011,Auglaize,Ohio
51081,Greensville,Virginia
51710,Norfolk,Virginia
41035,Klamath,Oregon
18071,Jackson,Indiana
36113,Warren,New York
1045,Dale,Alabama
30035,Glacier,Montana
27151,Swift,Minnesota
1089,Madison,Alabama
49029,Morgan,Utah
49025,Kane,Utah
19109,Kossuth,Iowa
22025,Catahoula,Louisiana
48005,Angelina,Texas
48269,King,Texas
51061,Fauquier,Virginia
40115,Ottawa,Oklahoma
18151,Steuben,Indiana
53057,Skagit,Washington
30045,Judith Basin,Montana
47123,Monroe,Tennessee
46065,Hughes,South Dakota
55078,Menominee,Wisconsin
8083,Montezuma,Colorado
32011,Eureka,Nevada
30109,Wibaux,Montana
55069,Lincoln,Wisconsin
37079,Greene,North Carolina
48303,Lubbock,Texas
38053,McKenzie,North Dakota
47173,Union,Tennessee
48091,Comal,Texas
27149,Stevens,Minnesota
18093,Lawrence,Indiana
19173,Taylor,Iowa
19075,Grundy,Iowa
16053,Jerome,Idaho
18029,Dearborn,Indiana
16057,Latah,Idaho
8093,Park,Colorado
29105,Laclede,Missouri
50001,Addison,Vermont
53077,Yakima,Washington
20141,Osborne,Kansas
28005,Amite,Mississippi
1119,Sumter,Alabama
5015,Carroll,Arkansas
35001,Bernalillo,New Mexico
31095,Jefferson,Nebraska
46075,Jones,South Dakota
48387,Red River,Texas
37151,Randolph,North Carolina
29075,Gentry,Missouri
50023,Washington,Vermont
22023,Cameron,Louisiana
8073,Lincoln,Colorado
6037,Los Angeles,California
48345,Motley,Texas
26051,Gladwin,Michigan
25019,Nantucket,Massachusetts
13321,Worth,Georgia
29011,Barton,Missouri
51015,Augusta,Virginia
8029,Delta,Colorado
40007,Beaver,Oklahoma
1055,Etowah,Alabama
53013,Columbia,Washington
13055,Chattooga,Georgia
17093,Kendall,Illinois
28055,Issaquena,Mississippi
40061,Haskell,Oklahoma
2060,Bristol Bay,Alaska
13009,Baldwin,Georgia
22053,Jefferson Davis,Louisiana
29041,Chariton,Missouri
1025,Clarke,Alabama
40125,Pottawatomie,Oklahoma
54063,Monroe,West Virginia
31031,Cherry,Nebraska
13119,Franklin,Georgia
20097,Kiowa,Kansas
55141,Wood,Wisconsin
12125,Union,Florida
1109,Pike,Alabama
41025,Harney,Oregon
16043,Fremont,Idaho
38079,Rolette,North Dakota
45021,Cherokee,South Carolina
31107,Knox,Nebraska
9011,New London,Connecticut
42099,Perry,Pennsylvania
55009,Brown,Wisconsin
51149,Prince George,Virginia
26081,Kent,Michigan
42129,Westmoreland,Pennsylvania
27115,Pine,Minnesota
55061,Kewaunee,Wisconsin
26163,Wayne,Michigan
17033,Crawford,Illinois
18181,White,Indiana
5067,Jackson,Arkansas
48431,Sterling,Texas
18033,DeKalb,Indiana
36075,Oswego,New York
13227,Pickens,Georgia
30075,Powder River,Montana
51685,Manassas Park,Virginia
54021,Gilmer,West Virginia
31159,Seward,Nebraska
21131,Leslie,Kentucky
21229,Washington,Kentucky
26017,Bay,Michigan
38015,Burleigh,North Dakota
27037,Dakota,Minnesota
56009,Converse,Wyoming
1099,Monroe,Alabama
47029,Cocke,Tennessee
48473,Waller,Texas
48461,Upton,Texas
13161,Jeff Davis,Georgia
39025,Clermont,Ohio
21199,Pulaski,Kentucky
12033,Escambia,Florida
48367,Parker,Texas
40071,Kay,Oklahoma
33003,Carroll,New Hampshire
21195,Pike,Kentucky
6101,Sutter,California
47059,Greene,Tennessee
37015,Bertie,North Carolina
20063,Gove,Kansas
48069,Castro,Texas
19031,Cedar,Iowa
5141,Van Buren,Arkansas
46129,Walworth,South Dakota
26055,Grand Traverse,Michigan
18015,Carroll,Indiana
55087,Outagamie,Wisconsin
28127,Simpson,Mississippi
47093,Knox,Tennessee
20119,Meade,Kansas
30081,Ravalli,Montana
25015,Hampshire,Massachusetts
48101,Cottle,Texas
40035,Craig,Oklahoma
45085,Sumter,South Carolina
45007,Anderson,South Carolina
27085,McLeod,Minnesota
12063,Jackson,Florida
31043,Dakota,Nebraska
13311,White,Georgia
2188,Northwest Arctic,Alaska
5097,Montgomery,Arkansas
17155,Putnam,Illinois
47165,Sumner,Tennessee
18135,Randolph,Indiana
20183,Smith,Kansas
17019,Champaign,Illinois
24003,Anne Arundel,Maryland
45061,Lee,South Carolina
39073,Hocking,Ohio
45091,York,South Carolina
44001,Bristol,Rhode Island
55107,Rusk,Wisconsin
47187,Williamson,Tennessee
6003,Alpine,California
24035,Queen Anne's,Maryland
48397,Rockwall,Texas
39153,Summit,Ohio
20025,Clark,Kansas
13039,Camden,Georgia
48313,Madison,Texas
5123,St. Francis,Arkansas
19085,Harrison,Iowa
5005,Baxter,Arkansas
17173,Shelby,Illinois
48031,Blanco,Texas
36051,Livingston,New York
28015,Carroll,Mississippi
26103,Marquette,Michigan
47101,Lewis,Tennessee
6067,Sacramento,California
40041,Delaware,Oklahoma
48239,Jackson,Texas
41043,Linn,Oregon
39083,Knox,Ohio
8059,Jefferson,Colorado
41013,Crook,Oregon
46045,Edmunds,South Dakota
48203,Harrison,Texas
46107,Potter,South Dakota
37009,Ashe,North Carolina
47131,Obion,Tennessee
53069,Wahkiakum,Washington
18175,Washington,Indiana
54093,Tucker,West Virginia
48229,Hudspeth,Texas
46123,Tripp,South Dakota
22009,Avoyelles,Louisiana
29183,St. Charles,Missouri
35021,Harding,New Mexico
21037,Campbell,Kentucky
13067,Cobb,Georgia
48503,Young,Texas
2158,Kusilvak,Alaska
29083,Henry,Missouri
51181,Surry,Virginia
21111,Jefferson,Kentucky
18079,Jennings,Indiana
27071,Koochiching,Minnesota
39109,Miami,Ohio
12115,Sarasota,Florida
42027,Centre,Pennsylvania
29215,Texas,Missouri
20205,Wilson,Kansas
21007,Ballard,Kentucky
42081,Lycoming,Pennsylvania
37087,Haywood,North Carolina
53005,Benton,Washington
42005,Armstrong,Pennsylvania
29019,Boone,Missouri
30011,Carter,Montana
42111,Somerset,Pennsylvania
6089,Shasta,California
55117,Sheboygan,Wisconsin
29119,McDonald,Missouri
12086,Miami-Dade,Florida
13131,Grady,Georgia
2105,Hoonah-Angoon,Alaska
16033,Clark,Idaho
1015,Calhoun,Alabama
31137,Phelps,Nebraska
48293,Limestone,Texas
22063,Livingston,Louisiana
8003,Alamosa,Colorado
39147,Seneca,Ohio
51037,Charlotte,Virginia
33015,Rockingham,New Hampshire
51750,Radford,Virginia
18081,Johnson,Indiana
10005,Sussex,Delaware
51770,Roanoke City,Virginia
13249,Schley,Georgia
19183,Washington,Iowa
1079,Lawrence,Alabama
17109,McDonough,Illinois
21101,Henderson,Kentucky
35011,De Baca,New Mexico
13097,Douglas,Georgia
51075,Goochland,Virginia
49051,Wasatch,Utah
56039,Teton,Wyoming
4005,Coconino,Arizona
17043,DuPage,Illinois
8117,Summit,Colorado
22019,Calcasieu,Louisiana
46035,Davison,South Dakota
8053,Hinsdale,Colorado
31073,Gosper,Nebraska
55039,Fond du Lac,Wisconsin
51161,Roanoke,Virginia
6045,Mendocino,California
29177,Ray,Missouri
17009,Brown,Illinois
51105,Lee,Virginia
27125,Red Lake,Minnesota
28077,Lawrence,Mississippi
40133,Seminole,Oklahoma
37159,Rowan,North Carolina
26153,Schoolcraft,Michigan
19149,Plymouth,Iowa
39045,Fairfield,Ohio
22125,West Feliciana,Louisiana
20005,Atchison,Kansas
31027,Cedar,Nebraska
40099,Murray,Oklahoma
13183,Long,Georgia
51009,Amherst,Virginia
19045,Clinton,Iowa
40103,Noble,Oklahoma
13001,Appling,Georgia
36099,Seneca,New York
28141,Tishomingo,Mississippi
13219,Oconee,Georgia
38071,Ramsey,North Dakota
50013,Grand Isle,Vermont
21175,Morgan,Kentucky
48219,Hockley,Texas
17073,Henry,Illinois
48439,Tarrant,Texas
18123,Perry,Indiana
27051,Grant,Minnesota
48165,Gaines,Texas
48175,Goliad,Texas
54071,Pendleton,West Virginia
12053,Hernando,Florida
56029,Park,Wyoming
19139,Muscatine,Iowa
12095,Orange,Florida
55017,Chippewa,Wisconsin
29149,Oregon,Missouri
16003,Adams,Idaho
44007,Providence,Rhode Island
39173,Wood,Ohio
13301,Warren,Georgia
45055,Kershaw,South Carolina
48205,Hartley,Texas
19055,Delaware,Iowa
4013,Maricopa,Arizona
17029,Coles,Illinois
39137,Putnam,Ohio
55053,Jackson,Wisconsin
12007,Bradford,Florida
30065,Musselshell,Montana
38007,Billings,North Dakota
49007,Carbon,Utah
42047,Elk,Pennsylvania
42035,Clinton,Pennsylvania
35049,Santa Fe,New Mexico
31155,Saunders,Nebraska
16087,Washington,Idaho
5059,Hot Spring,Arkansas
19021,Buena Vista,Iowa
37039,Cherokee,North Carolina
6055,Napa,California
22099,St. Martin,Louisiana
18059,Hancock,Indiana
47037,Davidson,Tennessee
17053,Ford,Illinois
48469,Victoria,Texas
2240,Southeast Fairbanks,Alaska
36069,Ontario,New York
13195,Madison,Georgia
19119,Lyon,Iowa
18007,Benton,Indiana
13271,Telfair,Georgia
1133,Winston,Alabama
54085,Ritchie,West Virginia
6109,Tuolumne,California
8014,Broomfield,Colorado
46099,Minnehaha,South Dakota
51595,Emporia,Virginia
36021,Columbia,New York
27023,Chippewa,Minnesota
49017,Garfield,Utah
48141,El Paso,Texas
21073,Franklin,Kentucky
20015,Butler,Kansas
54029,Hancock,West Virginia
22073,Ouachita,Louisiana
20153,Rawlins,Kansas
51111,Lunenburg,Virginia
17063,Grundy,Illinois
20055,Finney,Kansas
27061,Itasca,Minnesota
29147,Nodaway,Missouri
18145,Shelby,Indiana
48039,Brazoria,Texas
28119,Quitman,Mississippi
42091,Montgomery,Pennsylvania
48249,Jim Wells,Texas
20111,Lyon,Kansas
21059,Daviess,Kentucky
42017,Bucks,Pennsylvania
48283,La Salle,Texas
26125,Oakland,Michigan
42069,Lackawanna,Pennsylvania
48061,Cameron,Texas
17147,Piatt,Illinois
5089,Marion,Arkansas
51640,Galax,Virginia
6025,Imperial,California
23001,Androscoggin,Maine
27135,Roseau,Minnesota
47067,Hancock,Tennessee
53043,Lincoln,Washington
4023,Santa Cruz,Arizona
12021,Collier,Florida
45027,Clarendon,South Carolina
51045,Craig,Virginia
13153,Houston,Georgia
20089,Jewell,Kansas
21137,Lincoln,Kentucky
37125,Moore,North Carolina
48375,Potter,Texas
51193,Westmoreland,Virginia
35047,San Miguel,New Mexico
21239,Woodford,Kentucky
48111,Dallam,Texas
31069,Garden,Nebraska
20049,Elk,Kansas
17181,Union,Illinois
13273,Terrell,Georgia
22117,Washington,Louisiana
48495,Winkler,Texas
20191,Sumner,Kansas
39065,Hardin,Ohio
46115,Spink,South Dakota
24013,Carroll,Maryland
5039,Dallas,Arkansas
36027,Dutchess,New York
27165,Watonwan,Minnesota
47023,Chester,Tennessee
37073,Gates,North Carolina
13025,Brantley,Georgia
53019,Ferry,Washington
46009,Bon Homme,South Dakota
28147,Walthall,Mississippi
45069,Marlboro,South Carolina
48405,San Augustine,Texas
46081,Lawrence,South Dakota
29225,Webster,Missouri
31091,Hooker,Nebraska
41009,Columbia,Oregon
20143,Ottawa,Kansas
40081,Lincoln,Oklahoma
24043,Washington,Maryland
18143,Scott,Indiana
19077,Guthrie,Iowa
51031,Campbell,Virginia
39017,Butler,Ohio
48485,Wichita,Texas
17083,Jersey,Illinois
21103,Henry,Kentucky
48055,Caldwell,Texas
17201,Winnebago,Illinois
26029,Charlevoix,Michigan
47107,McMinn,Tennessee
21147,McCreary,Kentucky
8067,La Plata,Colorado
28089,Madison,Mississippi
29091,Howell,Missouri
48195,Hansford,Texas
19159,Ringgold,Iowa
55125,Vilas,Wisconsin
39087,Lawrence,Ohio
18167,Vigo,Indiana
30091,Sheridan,Montana
40017,Canadian,Oklahoma
13139,Hall,Georgia
19189,Winnebago,Iowa
39043,Erie,Ohio
46017,Buffalo,South Dakota
21045,Casey,Kentucky
22127,Winn,Louisiana
6075,San Francisco,California
17027,Clinton,Illinois
51670,Hopewell,Virginia
13015,Bartow,Georgia
20197,Wabaunsee,Kansas
8123,Weld,Colorado
42089,Monroe,Pennsylvania
5049,Fulton,Arkansas
22001,Acadia,Louisiana
49041,Sevier,Utah
54049,Marion,West Virginia
16025,Camas,Idaho
48139,Ellis,Texas
42001,Adams,Pennsylvania
21015,Boone,Kentucky
48459,Upshur,Texas
28069,Kemper,Mississippi
48221,Hood,Texas
38065,Oliver,North Dakota
8109,Saguache,Colorado
28153,Wayne,Mississippi
48025,Bee,Texas
39117,Morrow,Ohio
6081,San Mateo,California
1007,Bibb,Alabama
31145,Red Willow,Nebraska
27101,Murray,Minnesota
53029,Island,Washington
46059,Hand,South Dakota
26039,Crawford,Michigan
29027,Callaway,Missouri
42119,Union,Pennsylvania
8045,Garfield,Colorado
19125,Marion,Iowa
21219,Todd,Kentucky
13241,Rabun,Georgia
54015,Clay,West Virginia
40051,Grady,Oklahoma
13105,Elbert,Georgia
40153,Woodward,Oklahoma
13091,Dodge,Georgia
6111,Ventura,California
2150,Kodiak Island,Alaska
17117,Macoupin,Illinois
31081,Hamilton,Nebraska
20069,Gray,Kansas
5113,Polk,Arkansas
48341,Moore,Texas
53063,Spokane,Washington
37167,Stanly,North Carolina
1071,Jackson,Alabama
35019,Guadalupe,New Mexico
39053,Gallia,Ohio
51097,King and Queen,Virginia
17127,Massac,Illinois
47157,Shelby,Tennessee
29159,Pettis,Missouri
38031,Foster,North Dakota
28025,Clay,Mississippi
13175,Laurens,Georgia
21167,Mercer,Kentucky
30057,Madison,Montana
54035,Jackson,West Virginia
39023,Clark,Ohio
18051,Gibson,Indiana
37117,Martin,North Carolina
21083,Graves,Kentucky
41063,Wallowa,Oregon
13211,Morgan,Georgia
17161,Rock Island,Illinois
51199,York,Virginia
54079,Putnam,West Virginia
50021,Rutland,Vermont
29203,Shannon,Missouri
35027,Lincoln,New Mexico
51840,Winchester,Virginia
31017,Brown,Nebraska
48183,Gregg,Texas
39107,Mercer,Ohio
26147,St. Clair,Michigan
36091,Saratoga,New York
13081,Crisp,Georgia
32023,Nye,Nevada
22107,Tensas,Louisiana
39129,Pickaway,Ohio
24023,Garrett,Maryland
24033,Prince George's,Maryland
16077,Power,Idaho
5103,Ouachita,Arkansas
13293,Upson,Georgia
20113,McPherson,Kansas
48285,Lavaca,Texas
28133,Sunflower,Mississippi
54005,Boone,West Virginia
19013,Black Hawk,Iowa
45005,Allendale,South Carolina
49015,Emery,Utah
42055,Franklin,Pennsylvania
17171,Scott,Illinois
17137,Morgan,Illinois
48259,Kendall,Texas
47087,Jackson,Tennessee
15005,Kalawao,Hawaii
37031,Carteret,North Carolina
28039,George,Mississippi
20079,Harvey,Kansas
38095,Towner,North Dakota
12109,St. Johns,Florida
8021,Conejos,Colorado
51119,Middlesex,Virginia
47151,Scott,Tennessee
31061,Franklin,Nebraska
26093,Livingston,Michigan
39163,Vinton,Ohio
41053,Polk,Oregon
22043,Grant,Louisiana
17107,Logan,Illinois
6047,Merced,California
13205,Mitchell,Georgia
47043,Dickson,Tennessee
5003,Ashley,Arkansas
19047,Crawford,Iowa
29053,Cooper,Missouri
21177,Muhlenberg,Kentucky
18105,Monroe,Indiana
51630,Fredericksburg,Virginia
48213,Henderson,Texas
38001,Adams,North Dakota
55003,Ashland,Wisconsin
17045,Edgar,Illinois
13263,Talbot,Georgia
48323,Maverick,Texas
40143,Tulsa,Oklahoma
20103,Leavenworth,Kansas
27053,Hennepin,Minnesota
12047,Hamilton,Florida
5025,Cleveland,Arkansas
28143,Tunica,Mississippi
45035,Dorchester,South Carolina
22065,Madison,Louisiana
51053,Dinwiddie,Virginia
21051,Clay,Kentucky
42025,Carbon,Pennsylvania
48083,Coleman,Texas
48149,Fayette,Texas
37137,Pamlico,North Carolina
12073,Leon,Florida
18115,Ohio,Indiana
16005,Bannock,Idaho
51167,Russell,Virginia
20161,Riley,Kansas
13145,Harris,Georgia
23009,Hancock,Maine
19069,Franklin,Iowa
19095,Iowa,Iowa
29137,Monroe,Missouri
48119,Delta,Texas
6017,El Dorado,California
5069,Jefferson,Arkansas
21113,Jessamine,Kentucky
51740,Portsmouth,Virginia
47171,Unicoi,Tennessee
48089,Colorado,Texas
36035,Fulton,New York
29129,Mercer,Missouri
18159,Tipton,Indiana
32003,Clark,Nevada
35006,Cibola,New Mexico
42109,Snyder,Pennsylvania
1097,Mobile,Alabama
13281,Towns,Georgia
18031,Decatur,Indiana
16013,Blaine,Idaho
21021,Boyle,Kentucky
33013,Merrimack,New Hampshire
16059,Lemhi,Idaho
19133,Monona,Iowa
48385,Real,Texas
17191,Wayne,Illinois
29067,Douglas,Missouri
1127,Walker,Alabama
51089,Henry,Virginia
30001,Beaverhead,Montana
17091,Kankakee,Illinois
37143,Perquimans,North Carolina
46073,Jerauld,South Dakota
21065,Estill,Kentucky
8101,Pueblo,Colorado
1037,Coosa,Alabama
21155,Marion,Kentucky
55129,Washburn,Wisconsin
19167,Sioux,Iowa
48277,Lamar,Texas
18017,Cass,Indiana
8075,Logan,Colorado
53049,Pacific,Washington
30027,Fergus,Montana
46029,Codington,South Dakota
22087,St. Bernard,Louisiana
25017,Middlesex,Massachusetts
5079,Lincoln,Arkansas
39035,Cuyahoga,Ohio
31179,Wayne,Nebraska
27173,Yellow Medicine,Minnesota
18021,Clay,Indiana
55071,Manitowoc,Wisconsin
40123,Pontotoc,Oklahoma
19197,Wright,Iowa
13057,Cherokee,Georgia
20167,Russell,Kansas
2290,Yukon-Koyukuk,Alaska
29167,Polk,Missouri
40025,Cimarron,Oklahoma
38045,LaMoure,North Dakota
30015,Chouteau,Montana
48131,Duval,Texas
12015,Charlotte,Florida
30099,Teton,Montana
48419,Shelby,Texas
37103,Jones,North Carolina
20133,Neosho,Kansas
26043,Dickinson,Michigan
56021,Laramie,Wyoming
18085,Kosciusko,Indiana
48311,McMullen,Texas
47181,Wayne,Tennessee
27109,Olmsted,Minnesota
40089,McCurtain,Oklahoma
51003,Albemarle,Virginia
32013,Humboldt,Nevada
46093,Meade,South Dakota
26073,Isabella,Michigan
55023,Crawford,Wisconsin
46051,Grant,South Dakota
48395,Robertson,Texas
29097,Jasper,Missouri
13047,Catoosa,Georgia
25027,Worcester,Massachusetts
51063,Floyd,Virginia
29003,Andrew,Missouri
40059,Harper,Oklahoma
8037,Eagle,Colorado
21211,Shelby,Kentucky
9005,Litchfield,Connecticut
51143,Pittsylvania,Virginia
51131,Northampton,Virginia
51023,Botetourt,Virginia
21001,Adair,Kentucky
48333,Mills,Texas
48267,Kimble,Texas
31115,Loup,Nebraska
54055,Mercer,West Virginia
55067,Langlade,Wisconsin
48449,Titus,Texas
1101,Montgomery,Alabama
21121,Knox,Kentucky
29033,Carroll,Missouri
48093,Comanche,Texas
2013,Aleutians East,Alaska
6027,Inyo,California
17157,Randolph,Illinois
39099,Mahoning,Ohio
37195,Wilson,North Carolina
31125,Nance,Nebraska
41033,Josephine,Oregon
47053,Gibson,Tennessee
28063,Jefferson,Mississippi
40069,Johnston,Oklahoma
35033,Mora,New Mexico
26139,Ottawa,Michigan
28103,Noxubee,Mississippi
30079,Prairie,Montana
55133,Waukesha,Wisconsin
48331,Milam,Texas
5133,Sevier,Arkansas
55033,Dunn,Wisconsin
51570,Colonial Heights,Virginia
19005,Allamakee,Iowa
5143,Washington,Arkansas
12023,Columbia,Florida
23023,Sagadahoc,Maine
48355,Nueces,Texas
23019,Penobscot,Maine
13111,Fannin,Georgia
1033,Colbert,Alabama
21091,Hancock,Kentucky
16069,Nez Perce,Idaho
12101,Pasco,Florida
18041,Fayette,Indiana
13235,Pulaski,Georgia
36083,Rensselaer,New York
19103,Johnson,Iowa
54069,Ohio,West Virginia
47003,Bedford,Tennessee
26063,Huron,Michigan
26009,Antrim,Michigan
13155,Irwin,Georgia
45043,Georgetown,South Carolina
42065,Jefferson,Pennsylvania
5033,Crawford,Arkansas
41023,Grant,Oregon
37181,Vance,North Carolina
39171,Williams,Ohio
27007,Beltrami,Minnesota
36005,Bronx,New York
32510,Carson City,Nevada
56017,Hot Springs,Wyoming
12039,Gadsden,Florida
37023,Burke,North Carolina
21185,Oldham,Kentucky
13169,Jones,Georgia
16051,Jefferson,Idaho
31009,Blaine,Nebraska
45013,Beaufort,South Carolina
29111,Lewis,Missouri
48357,Ochiltree,Texas
47117,Marshall,Tennessee
20127,Morris,Kansas
48045,Briscoe,Texas
48153,Floyd,Texas
51175,Southampton,Virginia
19039,Clarke,Iowa
31051,Dixon,Nebraska
39003,Allen,Ohio
12081,Manatee,Florida
22035,East Carroll,Louisiana
29195,Saline,Missouri
26109,Menominee,Michigan
31169,Thayer,Nebraska
25003,Berkshire,Massachusetts
54099,Wayne,West Virginia
55095,Polk,Wisconsin
27045,Fillmore,Minnesota
17097,Lake,Illinois
47081,Hickman,Tennessee
25007,Dukes,Massachusetts
45077,Pickens,South Carolina
13319,Wilkinson,Georgia
20039,Decatur,Kansas
1063,Greene,Alabama
48305,Lynn,Texas
39027,Clinton,Ohio
28007,Attala,Mississippi
27089,Marshall,Minnesota
42007,Beaver,Pennsylvania
37089,Henderson,North Carolina
51800,Suffolk,Virginia
46101,Moody,South Dakota
47145,Roane,Tennessee
18095,Madison,Indiana
29121,Macon,Missouri
33005,Cheshire,New Hampshire
55119,Taylor,Wisconsin
12035,Flagler,Florida
37017,Bladen,North Carolina
36043,Herkimer,New York
26053,Gogebic,Michigan
51036,Charles City,Virginia
48071,Chambers,Texas
39141,Ross,Ohio
18013,Brown,Indiana
22057,Lafourche,Louisiana
56011,Crook,Wyoming
46135,Yankton,South Dakota
54001,Barbour,West Virginia
29107,Lafayette,Missouri
37183,Wake,North Carolina
17123,Marshall,Illinois
35013,Doa Ana,New Mexico
21061,Edmonson,Kentucky
31097,Johnson,Nebraska
46037,Day,South Dakota
17037,DeKalb,Illinois
48041,Brazos,Texas
25009,Essex,Massachusetts
5087,Madison,Arkansas
26107,Mecosta,Michigan
53045,Mason,Washington
27079,Le Sueur,Minnesota
42071,Lancaster,Pennsylvania
45083,Spartanburg,South Carolina
17011,Bureau,Illinois
37131,Northampton,North Carolina
51047,Culpeper,Virginia
40029,Coal,Oklahoma
29005,Atchison,Missouri
37165,Scotland,North Carolina
45009,Bamberg,South Carolina
21119,Knott,Kentucky
48377,Presidio,Texas
29047,Clay,Missouri
48113,Dallas,Texas
19151,Pocahontas,Iowa
32005,Douglas,Nevada
1023,Choctaw,Alabama
28053,Humphreys,Mississippi
29043,Christian,Missouri
18061,Harrison,Indiana
2068,Denali,Alaska
29207,Stoddard,Missouri
5129,Searcy,Arkansas
21203,Rockcastle,Kentucky
20181,Sherman,Kansas
22055,Lafayette,Louisiana
12133,Washington,Florida
47167,Tipton,Tennessee
31033,Cheyenne,Nebraska
35005,Chaves,New Mexico
54065,Morgan,West Virginia
55139,Winnebago,Wisconsin
51083,Halifax,Virginia
51810,Virginia Beach,Virginia
48399,Runnels,Texas
21031,Butler,Kentucky
48411,San Saba,Texas
31127,Nemaha,Nebraska
38081,Sargent,North Dakota
51720,Norton,Virginia
9013,Tolland,Connecticut
55049,Iowa,Wisconsin
13121,Fulton,Georgia
16041,Franklin,Idaho
27117,Pipestone,Minnesota
17001,Adams,Illinois
51153,Prince William,Virginia
36107,Tioga,New York
50003,Bennington,Vermont
26083,Keweenaw,Michigan
17035,Cumberland,Illinois
51059,Fairfax,Virginia
5065,Izard,Arkansas
13225,Peach,Georgia
54031,Hardy,West Virginia
1087,Macon,Alabama
42045,Delaware,Pennsylvania
19175,Union,Iowa
48123,DeWitt,Texas
19141,O'Brien,Iowa
26019,Benzie,Michigan
20207,Woodson,Kansas
30039,Granite,Montana
51093,Isle of Wight,Virginia
51113,Madison,Virginia
37101,Johnston,North Carolina
47015,Cannon,Tennessee
19113,Linn,Iowa
48475,Ward,Texas
28041,Greene,Mississippi
38047,Logan,North Dakota
51600,Fairfax City,Virginia
8013,Boulder,Colorado
13159,Jasper,Georgia
6091,Sierra,California
36023,Cortland,New York
56041,Uinta,Wyoming
47061,Grundy,Tennessee
17065,Hamilton,Illinois
48207,Haskell,Texas
37057,Davidson,North Carolina
27005,Becker,Minnesota
30103,Treasure,Montana
13129,Gordon,Georgia
45073,Oconee,South Carolina
21183,Ohio,Kentucky
47103,Lincoln,Tennessee
39091,Logan,Ohio
28117,Prentiss,Mississippi
39005,Ashland,Ohio
55089,Ozaukee,Wisconsin
4007,Gila,Arizona
50025,Windham,Vermont
55041,Forest,Wisconsin
23007,Franklin,Maine
37153,Richmond,North Carolina
12087,Monroe,Florida
16011,Bingham,Idaho
20087,Jefferson,Kansas
31063,Frontier,Nebraska
13309,Wheeler,Georgia
51137,Orange,Virginia
48347,Nacogdoches,Texas
29141,Morgan,Missouri
2195,Petersburg,Alaska
37119,Mecklenburg,North Carolina
13193,Macon,Georgia
6035,Lassen,California
51103,Lancaster,Virginia
51017,Bath,Virginia
17153,Pulaski,Illinois
35041,Roosevelt,New Mexico
53015,Cowlitz,Washington
22089,St. Charles,Louisiana
39071,Highland,Ohio
27015,Brown,Minnesota
36013,Chautauqua,New York
37047,Columbus,North Carolina
42133,York,Pennsylvania
20177,Shawnee,Kansas
36033,Franklin,New York
17187,Warren,Illinois
20031,Coffey,Kansas
13279,Toombs,Georgia
40127,Pushmataha,Oklahoma
16061,Lewis,Idaho
45063,Lexington,South Carolina
13221,Oglethorpe,Georgia
31001,Adams,Nebraska
28023,Clarke,Mississippi
41015,Curry,Oregon
29069,Dunklin,Missouri
48177,Gonzales,Texas
45019,Charleston,South Carolina
18125,Pike,Indiana
24510,Baltimore City,Maryland
20007,Barber,Kansas
41003,Benton,Oregon
6065,Riverside,California
22027,Claiborne,Louisiana
48441,Taylor,Texas
54011,Cabell,West Virginia
28095,Monroe,Mississippi
47125,Montgomery,Tennessee
4015,Mohave,Arizona
40113,Osage,Oklahoma
23025,Somerset,Maine
39135,Preble,Ohio
21035,Calloway,Kentucky
27153,Todd,Minnesota
42123,Warren,Pennsylvania
51550,Chesapeake,Virginia
45053,Jasper,South Carolina
29185,St. Clair,Missouri
26117,Montcalm,Michigan
12097,Osceola,Florida
55019,Clark,Wisconsin
19111,Lee,Iowa
41037,Lake,Oregon
28105,Oktibbeha,Mississippi
48241,Jasper,Texas
36077,Otsego,New York
39057,Greene,Ohio
48271,Kinney,Texas
48505,Zapata,Texas
31161,Sheridan,Nebraska
49031,Piute,Utah
35023,Hidalgo,New Mexico
18149,Starke,Indiana
51183,Sussex,Virginia
21231,Wayne,Kentucky
54095,Tyler,West Virginia
38017,Cass,North Dakota
26091,Lenawee,Michigan
48137,Edwards,Texas
29217,Vernon,Missouri
30097,Sweet Grass,Montana
47031,Coffee,Tennessee
27025,Chisago,Minnesota
16075,Payette,Idaho
26045,Eaton,Michigan
18005,Bartholomew,Indiana
48369,Parmer,Texas
20147,Phillips,Kansas
19049,Dallas,Iowa
53071,Walla Walla,Washington
27143,Sibley,Minnesota
48143,Erath,Texas
31135,Perkins,Nebraska
20151,Pratt,Kansas
13265,Taliaferro,Georgia
40073,Kingfisher,Oklahoma
42059,Greene,Pennsylvania
40087,McClain,Oklahoma
42079,Luzerne,Pennsylvania
46057,Hamlin,South Dakota
11001,District of Columbia,District of Columbia
28151,Washington,Mississippi
27055,Houston,Minnesota
20017,Chase,Kansas
39111,Monroe,Ohio
18103,Miami,Indiana
31041,Custer,Nebraska
51073,Gloucester,Virginia
30083,Richland,Montana
51069,Frederick,Virginia
42093,Montour,Pennsylvania
1081,Lee,Alabama
42015,Bradford,Pennsylvania
37027,Caldwell,North Carolina
40009,Beckham,Oklahoma
46091,Marshall,South Dakota
48063,Camp,Texas
8119,Teller,Colorado
21139,Livingston,Kentucky
48019,Bandera,Texas
1053,Escambia,Alabama
29051,Cole,Missouri
28161,Yalobusha,Mississippi
20117,Marshall,Kansas
21217,Taylor,Kentucky
8027,Custer,Colorado
5095,Monroe,Arkansas
17115,Macon,Illinois
12065,Jefferson,Florida
51007,Amelia,Virginia
13007,Baker,Georgia
50011,Franklin,Vermont
30063,Missoula,Montana
6001,Alameda,California
55113,Sawyer,Wisconsin
38029,Emmons,North Dakota
31183,Wheeler,Nebraska
1111,Randolph,Alabama
38073,Ransom,North Dakota
5007,Benton,Arkansas
17075,Iroquois,Illinois
53037,Kittitas,Washington
36053,Madison,New York
13029,Bryan,Georgia
48171,Gillespie,Texas
5121,Randolph,Arkansas
47007,Bledsoe,Tennessee
5057,Hempstead,Arkansas
54023,Grant,West Virginia
26027,Cass,Michigan
48483,Wheeler,Texas
35051,Sierra,New Mexico
29081,Harrison,Missouri
39175,Wyandot,Ohio
18069,Huntington,Indiana
13065,Clinch,Georgia
56035,Sublette,Wyoming
18179,Wells,Indiana
18169,Wabash,Indiana
48007,Aransas,Texas
46109,Roberts,South Dakota
1047,Dallas,Alabama
21005,Anderson,Kentucky
29151,Osage,Missouri
51683,Manassas,Virginia
40043,Dewey,Oklahoma
42037,Columbia,Pennsylvania
46067,Hutchinson,South Dakota
55077,Marquette,Wisconsin
47039,Decatur,Tennessee
51760,Richmond City,Virginia
38039,Griggs,North Dakota
1017,Chambers,Alabama
36067,Onondaga,New York
2100,Haines,Alaska
21075,Fulton,Kentucky
53007,Chelan,Washington
29017,Bollinger,Missouri
31071,Garfield,Nebraska
39077,Huron,Ohio
46047,Fall River,South Dakota
47095,Lake,Tennessee
49019,Grand,Utah
16035,Clearwater,Idaho
49039,Sanpete,Utah
8091,Ouray,Colorado
5017,Chicot,Arkansas
1117,Shelby,Alabama
20053,Ellsworth,Kansas
12117,Seminole,Florida
6099,Stanislaus,California
8005,Arapahoe,Colorado
51195,Wise,Virginia
46077,Kingsbury,South Dakota
38103,Wells,North Dakota
13095,Dougherty,Georgia
13251,Screven,Georgia
48251,Johnson,Texas
6043,Mariposa,California
17145,Perry,Illinois
26127,Oceana,Michigan
47069,Hardeman,Tennessee
28079,Leake,Mississippi
20083,Hodgeman,Kansas
45029,Colleton,South Carolina
26155,Shiawassee,Michigan
40135,Sequoyah,Oklahoma
48107,Crosby,Texas
39047,Fayette,Ohio
31105,Kimball,Nebraska
24001,Allegany,Maryland
21169,Metcalfe,Kentucky
13185,Lowndes,Georgia
46003,Aurora,South Dakota
40063,Hughes,Oklahoma
48315,Marion,Texas
40105,Nowata,Oklahoma
24041,Talbot,Maryland
30019,Daniels,Montana
18133,Putnam,Indiana
8055,Huerfano,Colorado
12127,Volusia,Florida
29061,Daviess,Missouri
20023,Cheyenne,Kansas
31015,Boyd,Nebraska
51173,Smyth,Virginia
39155,Trumbull,Ohio
39105,Meigs,Ohio
19087,Henry,Iowa
17179,Tazewell,Illinois
41045,Malheur,Oregon
12055,Highlands,Florida
37007,Anson,North Carolina
42101,Philadelphia,Pennsylvania
38093,Stutsman,North Dakota
26157,Tuscola,Michigan
44009,Washington,Rhode Island
48433,Stonewall,Texas
15007,Kauai,Hawaii
47133,Overton,Tennessee
28087,Lowndes,Mississippi
28083,Leflore,Mississippi
51530,Buena Vista,Virginia
48201,Harris,Texas
38009,Bottineau,North Dakota
49005,Cache,Utah
13303,Washington,Georgia
38059,Morton,North Dakota
2164,Lake and Peninsula,Alaska
21105,Hickman,Kentucky
18039,Elkhart,Indiana
6057,Nevada,California
22097,St. Landry,Louisiana
30033,Garfield,Montana
46121,Todd,South Dakota
19023,Butler,Iowa
8085,Montrose,Colorado
22007,Assumption,Louisiana
37037,Chatham,North Carolina
38027,Eddy,North Dakota
40023,Choctaw,Oklahoma
51660,Harrisonburg,Virginia
39161,Van Wert,Ohio
41021,Gilliam,Oregon
42029,Chester,Pennsylvania
22041,Franklin,Louisiana
5081,Little River,Arkansas
46027,Clay,South Dakota
8111,San Juan,Colorado
27069,Kittson,Minnesota
21013,Bell,Kentucky
42087,Mifflin,Pennsylvania
17051,Fayette,Illinois
30089,Sanders,Montana
39119,Muskingum,Ohio
18111,Newton,Indiana
29059,Dallas,Missouri
42117,Tioga,Pennsylvania
47179,Washington,Tennessee
48321,Matagorda,Texas
13123,Gilmer,Georgia
9015,Windham,Connecticut
31143,Polk,Nebraska
26099,Macomb,Michigan
29189,St. Louis,Missouri
37135,Orange,North Carolina
46049,Faulk,South Dakota
31049,Deuel,Nebraska
40049,Garvin,Oklahoma
48023,Baylor,Texas
42023,Cameron,Pennsylvania
13093,Dooly,Georgia
19089,Howard,Iowa
13049,Charlton,Georgia
1073,Jefferson,Alabama
20159,Rice,Kansas
53061,Snohomish,Washington
48393,Roberts,Texas
20125,Montgomery,Kansas
21209,Scott,Kentucky
5115,Pope,Arkansas
19093,Ida,Iowa
8035,Douglas,Colorado
48129,Donley,Texas
5071,Johnson,Arkansas
25025,Suffolk,Massachusetts
41051,Multnomah,Oregon
1061,Geneva,Alabama
29127,Marion,Missouri
27163,Washington,Minnesota
1103,Morgan,Alabama
30055,McCone,Montana
19059,Dickinson,Iowa
47189,Wilson,Tennessee
55105,Rock,Wisconsin
29223,Wayne,Missouri
27133,Rock,Minnesota
48163,Frio,Texas
51830,Williamsburg,Virginia
13037,Calhoun,Georgia
36097,Schuyler,New York
50019,Orleans,Vermont
48427,Starr,Texas
19131,Mitchell,Iowa
6009,Calaveras,California
38037,Grant,North Dakota
26145,Saginaw,Michigan
37193,Wilkes,North Carolina
29089,Howard,Missouri
5145,White,Arkansas
1039,Covington,Alabama
22071,Orleans,Louisiana
31039,Cuming,Nebraska
13073,Columbia,Georgia
56027,Niobrara,Wyoming
26035,Clare,Michigan
19003,Adams,Iowa
39015,Brown,Ohio
19157,Poweshiek,Iowa
32021,Mineral,Nevada
8057,Jackson,Colorado
48491,Williamson,Texas
19153,Polk,Iowa
28159,Winston,Mississippi
12107,Putnam,Florida
17017,Cass,Illinois
55031,Douglas,Wisconsin
18077,Jefferson,Indiana
16027,Canyon,Idaho
48227,Howard,Texas
54047,McDowell,West Virginia
8121,Washington,Colorado
28071,Lafayette,Mississippi
36063,Niagara,New York
6049,Modoc,California
48457,Tyler,Texas
49047,Uintah,Utah
12013,Calhoun,Florida
4021,Pinal,Arizona
6107,Tulare,California
6113,Yolo,California
1009,Blount,Alabama
8099,Prowers,Colorado
40141,Tillman,Oklahoma
5031,Craighead,Arkansas
20061,Geary,Kansas
19025,Calhoun,Iowa
37199,Yancey,North Carolina
5051,Garland,Arkansas
27099,Mower,Minnesota
27001,Aitkin,Minnesota
12045,Gulf,Florida
35039,Rio Arriba,New Mexico
29025,Caldwell,Missouri
31007,Banner,Nebraska
45037,Edgefield,South Carolina
40111,Okmulgee,Oklahoma
13243,Randolph,Georgia
8047,Gilpin,Colorado
12079,Madison,Florida
2130,Ketchikan Gateway,Alaska
19037,Chickasaw,Iowa
6019,Fresno,California
48447,Throckmorton,Texas
13103,Effingham,Georgia
27043,Faribault,Minnesota
31079,Hall,Nebraska
39055,Geauga,Ohio
48099,Coryell,Texas
29157,Perry,Missouri
48363,Palo Pinto,Texas
22119,Webster,Louisiana
20019,Chautauqua,Kansas
13177,Lee,Georgia
28019,Choctaw,Mississippi
18141,St. Joseph,Indiana
46111,Sanborn,South Dakota
21127,Lawrence,Kentucky
17139,Moultrie,Illinois
46011,Brookings,South Dakota
21081,Grant,Kentucky
53017,Douglas,Washington
26115,Monroe,Michigan
31113,Logan,Nebraska
13027,Brooks,Georgia
24011,Caroline,Maryland
51197,Wythe,Virginia
39097,Madison,Ohio
46087,McCook,South Dakota
48383,Reagan,Texas
37003,Alexander,North Carolina
54077,Preston,West Virginia
19079,Hamilton,Iowa
41031,Jefferson,Oregon
20145,Pawnee,Kansas
17081,Jefferson,Illinois
49037,San Juan,Utah
28145,Union,Mississippi
48193,Hamilton,Texas
13295,Walker,Georgia
21145,McCracken,Kentucky
38101,Ward,North Dakota
17203,Woodford,Illinois
18047,Franklin,Indiana
45049,Hampton,South Carolina
48291,Liberty,Texas
22105,Tangipahoa,Louisiana
54107,Wood,West Virginia
20135,Ness,Kansas
38063,Nelson,North Dakota
27065,Kanabec,Minnesota
39041,Delaware,Ohio
30025,Fallon,Montana
2282,Yakutat,Alaska
48257,Kaufman,Texas
49013,Duchesne,Utah
19015,Boone,Iowa
8077,Mesa,Colorado
19195,Worth,Iowa
31177,Washington,Nebraska
48053,Burnet,Texas
20081,Haskell,Kansas
13059,Clarke,Georgia
21201,Robertson,Kentucky
37081,Guilford,North Carolina
13017,Ben Hill,Georgia
17059,Gallatin,Illinois
45075,Orangeburg,South Carolina
19101,Jefferson,Iowa
18063,Hendricks,Indiana
18087,LaGrange,Indiana
26011,Arenac,Michigan
47149,Rutherford,Tennessee
41067,Washington,Oregon
20199,Wallace,Kansas
39169,Wayne,Ohio
40057,Harmon,Oklahoma
50009,Essex,Vermont
27077,Lake of the Woods,Minnesota
48417,Shackelford,Texas
13157,Jackson,Georgia
56019,Johnson,Wyoming
36003,Allegany,New York
37175,Transylvania,North Carolina
12027,DeSoto,Florida
22033,East Baton Rouge,Louisiana
54067,Nicholas,West Virginia
35061,Valencia,New Mexico
26061,Houghton,Michigan
53027,Grays Harbor,Washington
47005,Benton,Tennessee
26075,Jackson,Michigan
16049,Idaho,Idaho
22079,Rapides,Louisiana
13083,Dade,Georgia
55021,Columbia,Wisconsin
49053,Washington,Utah
29099,Jefferson,Missouri
19143,Osceola,Iowa
51057,Essex,Virginia
48155,Foard,Texas
51165,Rockingham,Virginia
27141,Sherburne,Minnesota
47115,Marion,Tennessee
29109,Lawrence,Missouri
17003,Alexander,Illinois
27129,Renville,Minnesota
29201,Scott,Missouri
42043,Dauphin,Pennsylvania
21053,Clinton,Kentucky
13287,Turner,Georgia
47079,Henry,Tennessee
37173,Swain,North Carolina
17099,LaSalle,Illinois
29135,Moniteau,Missouri
27087,Mahnomen,Minnesota
13147,Hart,Georgia
48121,Denton,Texas
20041,Dickinson,Kansas
20209,Wyandotte,Kansas
29035,Carter,Missouri
37067,Forsyth,North Carolina
18053,Grant,Indiana
54057,Mineral,West Virginia
19067,Floyd,Iowa
47159,Smith,Tennessee
5041,Desha,Arkansas
1095,Marshall,Alabama
1031,Coffee,Alabama
37071,Gaston,North Carolina
5105,Perry,Arkansas
6029,Kern,California
48033,Borden,Texas
19123,Mahaska,Iowa
31119,Madison,Nebraska
2016,Aleutians West,Alaska
29510,St. Louis City,Missouri
48329,Midland,Texas
51091,Highland,Virginia
20189,Stevens,Kansas
1125,Tuscaloosa,Alabama
36105,Sullivan,New York
28061,Jasper,Mississippi
21023,Bracken,Kentucky
5135,Sharp,Arkansas
26137,Otsego,Michigan
55059,Kenosha,Wisconsin
55131,Washington,Wisconsin
8065,Lake,Colorado
37025,Cabarrus,North Carolina
17193,White,Illinois
47113,Madison,Tennessee
36115,Washington,New York
48353,Nolan,Texas
13113,Fayette,Georgia
19165,Shelby,Iowa
29045,Clark,Missouri
27171,Wright,Minnesota
42053,Forest,Pennsylvania
30047,Lake,Montana
22015,Bossier,Louisiana
13233,Polk,Georgia
46023,Charles Mix,South Dakota
12099,Palm Beach,Florida
17025,Clay,Illinois
40015,Caddo,Oklahoma
2230,Skagway,Alaska
5001,Arkansas,Arkansas
54043,Lincoln,West Virginia
27035,Crow Wing,Minnesota
8019,Clear Creek,Colorado
6083,Santa Barbara,California
30017,Custer,Montana
48463,Uvalde,Texas
12005,Bay,Florida
13201,Miller,Georgia
48299,Llano,Texas
51121,Montgomery,Virginia
48235,Irion,Texas
19029,Cass,Iowa
27013,Blue Earth,Minnesota
12037,Franklin,Florida
5023,Cleburne,Arkansas
45011,Barnwell,South Carolina
30111,Yellowstone,Montana
13167,Johnson,Georgia
37109,Lincoln,North Carolina
27107,Norman,Minnesota
20105,Lincoln,Kansas
37145,Person,North Carolina
48081,Coke,Texas
51127,New Kent,Virginia
12071,Lee,Florida
2170,Matanuska-Susitna,Alaska
20095,Kingman,Kansas
37111,McDowell,North Carolina
21033,Caldwell,Kentucky
20071,Greeley,Kansas
55097,Portage,Wisconsin
40151,Woods,Oklahoma
31167,Stanton,Nebraska
31055,Douglas,Nebraska
51141,Patrick,Virginia
23015,Lincoln,Maine
39063,Hancock,Ohio
9003,Hartford,Connecticut
48335,Mitchell,Texas
28125,Sharkey,Mississippi
17129,Menard,Illinois
54013,Calhoun,West Virginia
29165,Platte,Missouri
13317,Wilkes,Georgia
38057,Mercer,North Dakota
51095,James City,Virginia
51025,Brunswick,Virginia
47017,Carroll,Tennessee
36041,Hamilton,New York
39033,Crawford,Ohio
6059,Orange,California
47021,Cheatham,Tennessee
41061,Union,Oregon
29015,Benton,Missouri
21089,Greenup,Kentucky
42107,Schuylkill,Pennsylvania
18157,Tippecanoe,Indiana
16019,Bonneville,Idaho
28031,Covington,Mississippi
17089,Kane,Illinois
48185,Grimes,Texas
33011,Hillsborough,New Hampshire
37055,Dare,North Carolina
18117,Orange,Indiana
17163,St. Clair,Illinois
47051,Franklin,Tennessee
55011,Buffalo,Wisconsin
40079,Le Flore,Oklahoma
51029,Buckingham,Virginia
45071,Newberry,South Carolina
13213,Murray,Georgia
21191,Pendleton,Kentucky
54003,Berkeley,West Virginia
40121,Pittsburg,Oklahoma
24025,Harford,Maryland
28097,Montgomery,Mississippi
35031,McKinley,New Mexico
39127,Perry,Ohio
6073,San Diego,California
39089,Licking,Ohio
16083,Twin Falls,Idaho
28135,Tallahatchie,Mississippi
55001,Adams,Wisconsin
47085,Humphreys,Tennessee
13223,Paulding,Georgia
13137,Habersham,Georgia
21153,Magoffin,Kentucky
12089,Nassau,Florida
18023,Clinton,Indiana
6093,Siskiyou,California
37045,Cleveland,North Carolina
53055,San Juan,Washington
54087,Roane,West Virginia
19187,Webster,Iowa
40093,Major,Oklahoma
4009,Graham,Arizona
48265,Kerr,Texas
21043,Carter,Kentucky
28033,DeSoto,Mississippi
36085,Richmond,New York
20169,Saline,Kansas
48497,Wise,Texas
